customer_id,name,email,city,country,segment,created_at
62ccfb91-eccb-4cfa-a421-09427fa61202,Tracy Smith,joseph72@example.org,New Taylorstad,FR,retail,2026-02-07T17:06:54.570245
d13bf504-bddb-491c-8ae6-000e2c4d4d84,Alexis King,edwardsrobert@example.net,Herbertbury,KG,retail,2026-03-12T19:46:49.119222
f764a5de-ed1f-4031-8e20-f1a836070a29,Kiara Wilson MD,klinepaula@example.com,East Dianefort,TM,business,2026-02-03T00:54:46.071240
1eb11c47-530c-4c7e-92cd-7066a02a3308,Mitchell Torres,lewisadam@example.org,Lesliestad,RU,retail,2026-03-11T19:00:55.568254
1e5698ce-5b98-4c1e-92f1-10ce9a48dc04,Jason Walker,nicholasbrown@example.org,Brooksmouth,PY,business,2026-01-09T13:17:43.050688
fc23a881-7a30-4d7d-af5a-8cb4a5e42760,Samantha Perry,chenkevin@example.com,North Kellietown,BF,retail,2026-04-17T06:59:36.762949
c330fb94-848f-4dec-8784-6c1203bf5540,Vanessa White,burgesstommy@example.com,Wadestad,ME,premium,2026-01-24T12:29:18.813907
1b9511d1-b891-43dc-a821-6f092d42728d,Mary Murphy,jasonmarks@example.org,Abigailmouth,IQ,premium,2026-02-14T16:04:18.471445
d574f4fd-e578-4cc8-97d1-cf92298b7540,Steven Sullivan,moorekatrina@example.com,West Christopherville,PT,business,2026-04-09T19:30:56.210554
7f923b02-2bbd-4e74-87ca-224693d3eec5,Steven Miller,walkeradam@example.com,New Alan,UZ,premium,2026-03-10T07:55:26.740322
f0d6b84d-ab97-4a8a-a790-5e14ca0feeff,William Reilly,kellynorman@example.org,Lake Michaelbury,ME,premium,2026-03-24T01:44:39.966718
347c6bcd-9b0a-4434-95f1-9a0ec19cf70d,Brandon Thomas,debravargas@example.org,Lake Douglas,HR,premium,2026-01-03T22:11:23.205812
22867c8d-4272-4197-a798-71fb1390020d,Morgan Smith,nicholas09@example.org,North James,NE,retail,2026-01-02T00:23:07.186274
36c5828e-478f-4bba-a196-872282cc63a1,David Palmer DVM,randydennis@example.org,New Charlene,CR,retail,2026-01-13T10:59:47.047802
ec765c6f-39f8-4bb6-a24f-ea126fa7602b,Theodore Reilly,lisawilliams@example.org,Christinaport,US,business,2026-02-14T01:49:29.641677
5efacbca-8950-4108-ad7b-a46bd4468589,Paul Bean,jessicalittle@example.com,Vancemouth,DO,business,2026-02-15T00:34:06.683408
e1235600-eb3a-4b6f-a933-845bd13eb885,Victor Tucker,chelsea01@example.net,South Timothyside,PL,premium,2026-01-06T22:16:42.056769
d450ad7a-fc0c-4fe4-ab8d-dcee9143b63e,Justin Jones,alice16@example.com,Rogerstown,BO,retail,2026-01-25T21:28:50.749620
7bb6a4c7-ddd8-4b0a-8c78-24a25171dc60,Heather Perry,priceryan@example.net,South Joechester,EC,premium,2026-01-04T12:00:01.435084
265f177b-17a3-4b48-9e2f-16f26b89b8f5,Richard Lopez,martinezjustin@example.org,Nathanieltown,GB,business,2026-02-18T05:39:09.980280
3c0f551d-3bbb-4908-9922-a691904c08cb,Brittany Lopez,barryjoseph@example.com,Benjaminmouth,SC,premium,2026-03-22T03:41:11.920031
ecef976f-875a-4323-9e13-3c2f51126551,Katherine Brennan,ijuarez@example.com,Kathleenport,ST,business,2026-04-08T08:50:34.978532
72615332-49c6-45d7-bd1c-2602a9ae3c21,Jacqueline Livingston,guerrerosean@example.net,Gonzalezville,CG,business,2026-01-03T17:22:29.621246
0ed04e9c-cde4-4733-b1a0-546dee3b81f2,Susan Wyatt,danielwilliamson@example.org,Smithberg,EC,business,2026-02-13T12:18:11.921928
a9988462-4ecb-4c1f-98a7-8a4e3949fbf9,Diane Stevenson,robbinsmarie@example.net,Wardside,KG,retail,2026-02-13T21:19:52.966802
2ba4e683-bd07-450c-acea-85c807a849d5,Nicholas Valenzuela,karensmith@example.com,Paceside,MM,premium,2026-03-11T21:07:03.356314
48d6ff0c-e39b-4c74-b18d-5b816f1e297d,Michelle Erickson,sarahdouglas@example.org,North Timothy,JO,retail,2026-03-20T20:19:24.583587
f22a5fb3-f24d-4f1f-9c4c-db3c3fee15f5,Julia Chaney,jefferyhines@example.net,Susanshire,CG,retail,2026-01-10T03:10:53.825073
2b76762c-b551-4ed7-8624-f1194647e49a,Mr. David Baker,ncharles@example.net,Lake Alyssa,PT,business,2026-04-16T17:23:04.745851
4ab98c4c-ac0a-484e-9b27-00b1b640a479,Michael Moreno,isaiah33@example.org,Amyton,TZ,business,2026-02-26T05:30:02.210945
945a63d2-d7e4-4e15-b7ba-aeeac3d0a0e3,Christopher Cruz,mahoneylisa@example.org,Port Brendaview,TZ,business,2026-01-19T18:23:13.575429
72ebc2ad-1de0-4be9-b8e3-4b61de8297f8,Courtney Martin,xhayes@example.net,Fullertown,EE,business,2026-01-09T10:11:53.633112
158f9bd9-a87e-4710-8e6a-d53415605479,Willie Chavez,owensjames@example.com,North Paul,TM,retail,2026-03-06T03:33:06.748416
a371fab9-7bf0-4777-86a4-05b01912b31d,Tyler Miller,kfrye@example.org,Michaelmouth,LS,retail,2026-03-05T09:39:54.526960
f33b8c59-7860-4508-8d82-e8a86097e802,David Clark,melissagarcia@example.com,Katherineland,CF,premium,2026-01-27T05:56:06.033063
e9e5b4ce-d38f-4aca-8f60-ae7ae4fd0fd4,Jessica Phillips,ryanphillips@example.com,Lake Angelamouth,KZ,premium,2026-01-26T06:07:16.187611
71697d19-1f9c-4a7e-b8b3-900392aae169,James Moore,jeremy19@example.com,West Michael,CG,business,2026-03-05T10:26:45.393674
76db661e-4fbf-4f4d-9d97-79ccc39501d3,Dave Caldwell,dmarshall@example.org,Davidberg,OM,business,2026-02-20T07:12:46.335558
1c1969a3-9205-4f73-993c-2f1dff0ff5d7,Jenna Meza,richardmiller@example.com,Lake Donald,MD,premium,2026-04-17T07:52:39.684165
4f1ed168-8d60-480f-a91f-6a2a5de13115,Riley Mitchell,shaynes@example.com,Danielland,MN,premium,2026-01-29T02:10:39.001856
bda52525-667f-4eab-8787-b929737af70b,Sarah Logan,alexis44@example.net,Port Steven,BD,retail,2026-03-19T11:58:48.647642
20e027e6-db0e-417a-85b7-6cbd123c3137,Ronald Flores,luishayes@example.org,Freemanhaven,UY,retail,2026-04-15T17:21:33.229856
7bd4d8da-62fe-43e0-bbb4-ebd64bf62986,Alex Brown,harmonjames@example.net,Julianland,NE,premium,2026-03-10T00:41:50.392105
5bf05a42-e9ae-45a0-858f-86e0fcda98e0,Teresa Gutierrez,leealexis@example.net,Perezbury,IE,premium,2026-02-26T19:37:57.309744
e67f5355-2d21-4e74-9ebf-065d8cdd10ff,Brittany Chapman,amandarodriguez@example.com,Lake Paul,ID,business,2026-04-07T00:59:26.227561
fccfc16b-4f74-4762-b8cc-eb2efa7359bf,Denise Burgess,hayeslisa@example.com,Tammyberg,BZ,premium,2026-03-18T04:13:13.969653
03aa5802-1fb7-4a67-98fb-a2a02623e450,John Castro,edwardjordan@example.net,Port Joycefort,MY,business,2026-03-19T13:04:14.404332
d3e6fff0-2c7e-40ca-ab9f-18133adb14d0,David Ortega,brendamejia@example.org,South Sarahton,HR,business,2026-01-04T11:43:12.362038
b02feba9-86b1-4040-8e1f-af974a29f594,Jaime Ramirez,canderson@example.org,Port Cindy,LT,retail,2026-03-28T01:44:24.733022
34c50729-f37b-4f21-9aa3-9ebca08b6937,Travis Glover,peterkerr@example.org,Cochranhaven,NR,retail,2026-01-02T22:13:06.230070
a52452fc-b07c-4f0c-a227-1f349200de87,Sara Leblanc,scottedward@example.com,Tonyafort,GY,premium,2026-04-09T03:00:28.959701
63b7a729-fbab-4a66-b20f-e2bad65db760,Thomas Calderon,blakegreen@example.net,West Candice,MN,premium,2026-04-05T22:56:59.110064
ff0f3419-1bad-4582-94bb-65536da5e181,Lisa Smith,deananderson@example.com,Nicholschester,MY,business,2026-01-09T01:10:49.400048
8ae75df1-ec36-42b2-9d80-6e4b0f37510d,James Hooper,laura16@example.net,Andersonburgh,LI,premium,2026-03-21T06:57:36.104507
191478c9-644a-4a4e-b20e-c9f24d3ab651,Heather Charles,welchkristen@example.org,Langstad,KR,premium,2026-02-08T23:08:40.758035
ae5ca45e-77d8-4e8d-9d87-ce1807ac8f54,Wendy Keller,davisgreg@example.org,Williamsland,PH,premium,2026-03-09T09:58:39.423273
5ef641eb-db6f-4e9d-b98b-f149ebd94443,Barbara Smith,hendrixashley@example.com,New Catherinefurt,GT,business,2026-01-23T03:53:34.248049
9927b0fc-e9ae-49ac-94b6-5df5720e39ad,Stephanie White,monique91@example.net,Lisaville,TW,retail,2026-02-14T04:49:43.193760
19877972-c8b7-49fc-9b37-f08d361d55dd,Tiffany Wells,todd83@example.org,Allisonville,FJ,retail,2026-04-03T12:37:46.912076
20c4eebd-6233-4de9-b891-8ca7d43facda,Joseph Jordan,nashmichael@example.com,Paulhaven,LY,retail,2026-03-03T23:31:46.667622
3bfcc90c-98f2-453c-97a8-eaf3958c37fc,Anne Benson,charlesgreen@example.com,New Victorialand,NO,business,2026-01-31T07:41:42.646127
cb067f45-c5ad-41b5-bb12-8472cdb48f40,Marcus Nguyen,patriciachung@example.org,Simsview,TN,business,2026-03-03T04:23:15.145749
2d4974b1-c7dc-4bda-983b-5155d45fb772,Ashley Roberts,phughes@example.org,South Stacyborough,PG,retail,2026-01-29T23:23:15.124933
e5561d13-afca-418d-afa7-839eea531e6c,Timothy Johnson,fowlerfrank@example.com,Walkerhaven,TR,business,2026-02-02T07:16:46.380656
b0770b3d-b4f4-40d6-9a96-e4b1e5aaf3c0,Nicole Miller,frederickhartman@example.com,Lake Jillfurt,BT,business,2026-02-05T04:52:45.715390
ba270a95-7883-416f-a360-e894ce2b56b8,Nicholas Young,william47@example.org,Lake Saraborough,SB,premium,2026-01-13T18:20:37.397652
ba7f9dc9-8741-414c-bfd9-823c899361b7,Ryan Hubbard,wturner@example.org,Shaneshire,LK,retail,2026-04-16T02:24:50.726915
1a68b099-d58a-4ab5-96c2-cd268757aba6,Todd Atkinson,bcarter@example.net,New Micheletown,AF,retail,2026-04-03T22:33:39.018282
00d49ccd-7c2d-4ef5-9df9-56730c65385d,Brandon Foster,cody52@example.net,North Erica,CU,business,2026-02-09T19:27:31.435378
766fbdbb-ec41-47ef-b359-bd7e79ddf577,Thomas Stone,carpenterandrew@example.net,South Christian,NR,retail,2026-03-08T22:16:30.437637
cdc3f3d6-a795-45e3-8378-ad4b208296ab,Janet Flores,markmorgan@example.org,Lake Brett,AD,retail,2026-02-06T14:21:54.244802
086fa4fd-6940-446d-97c8-5e2261e1ea22,Tyler Crosby,debbiebrowning@example.net,Taylorberg,GR,premium,2026-01-02T09:10:17.946082
06f8c873-5cec-4620-917b-a5f54876d484,Danny Bernard,amberdouglas@example.org,Laurastad,MW,business,2026-02-15T12:28:08.603749
5a1715fd-3c02-4dbc-8c94-78adcd1b0daa,Timothy Scott,jocelyn72@example.org,West Matthewborough,BG,business,2026-04-06T00:49:44.142882
b2bb8647-35f0-4df6-a61c-846877182eb0,Melissa Rogers,isims@example.org,Jamesborough,GB,premium,2026-02-22T09:07:47.878484
abece77f-16e1-41b3-b1fa-a05fa59c1346,Aaron Russell,elleneverett@example.net,New Davidburgh,KP,retail,2026-04-17T08:35:08.655654
75a81512-669e-4db8-8217-4091cbd7bf5f,Heather Barrera,sstewart@example.org,Brownbury,OM,retail,2026-01-22T11:08:42.254494
831f7e19-0ded-4f8a-b9c9-6140eaec5a52,Dylan Atkins,qbradley@example.net,New Patrick,MT,retail,2026-02-03T07:38:59.430187
9a6e1a0d-cd97-4b93-870e-0b923c8ef3b9,Kimberly Patrick,joseph84@example.net,East Brendachester,CI,business,2026-04-14T02:04:39.277814
7b9201f1-eb58-4626-bdb3-5c8f29761905,Angela Martin,susanfuller@example.org,Michellebury,FR,premium,2026-01-01T22:01:18.361555
2f5ed8a0-f393-44bb-9c53-fffd169c225b,Joshua Harris,amy92@example.com,Robertstad,KH,business,2026-04-03T01:00:06.923089
26d19dca-2396-406b-8ae8-c3b8d977c5d8,Charles Norton,rebeccamartinez@example.org,Hughesberg,PY,retail,2026-03-19T20:42:25.276968
76b17f34-0959-4460-8bd3-8211614951e8,Vickie Osborne,charlesaustin@example.net,Lake Lauraview,UY,retail,2026-02-04T14:09:16.548124
550c7dfa-66e2-4426-8462-368c760837b8,John Prince,castrobobby@example.com,Jonesside,MV,retail,2026-02-16T16:12:51.138433
8a407ed4-ab97-495f-8664-cf889e06c56f,Timothy Ramirez,william73@example.org,Port Nicoleborough,MR,retail,2026-02-12T14:35:53.650692
2d3356d2-b476-40e6-a7d9-2733b9ae1a0b,Kimberly Maddox,michelleshah@example.org,New Becky,RW,retail,2026-02-13T22:56:31.424913
9c0306fb-c399-4b97-8180-169849d505b4,Carrie Collins,kendrajohnson@example.net,East Philiphaven,GB,retail,2026-03-25T23:13:59.134099
b86d86af-0399-469e-a861-d61f2a309987,Misty Nelson,jasonlewis@example.com,Jamesberg,SD,premium,2026-02-07T05:02:12.273311
448d99b4-a600-44a5-8b01-6a9d58d8cd8c,Ms. Kaitlyn Campbell,grace14@example.org,South Curtis,GM,business,2026-02-26T00:28:14.064320
93124afd-4f2d-4a51-86e1-0b46619a18d6,Tony Lee,chenjody@example.com,Lake Carlton,FI,retail,2026-01-25T21:58:28.987682
622af1fd-ba23-47ac-ab3b-ee5e80c8aaec,Alan Gonzalez,fitzgeraldmarie@example.net,Sanchezmouth,IL,retail,2026-01-02T16:14:56.999708
5c48c482-1770-4f09-996a-519fbe752236,Angela Salinas,warren42@example.com,East Ericaburgh,TG,retail,2026-01-26T04:57:01.141494
6b0fe10e-669a-429c-babf-8f240e0ab74c,Melissa Barber,ypruitt@example.com,Harrisfort,MR,premium,2026-01-08T16:50:49.863469
e1269d0b-00a4-4779-955a-d8449aa21ba5,Howard Moore,kennethclark@example.com,Lake Shannon,SA,retail,2026-01-26T12:44:54.708117
db1c5532-c651-4441-b63c-7c929af75e47,Steven Faulkner,ikeller@example.com,Port Brendamouth,MK,retail,2026-03-05T05:06:26.065825
d768f589-f64e-4cb4-bf3a-19109d503db0,Allison Reid,walljennifer@example.net,North Jo,SM,retail,2026-03-17T09:12:43.427309
b755af1a-f154-468b-ace4-8f2bfdb3bbf9,Eric Yang,vaughncraig@example.org,New Jessica,ME,retail,2026-01-24T23:13:03.460149
8102ce61-a62e-40c3-8e26-ff9c6049cb7c,James Garcia,bakermegan@example.com,East Paul,MK,retail,2026-01-25T23:38:46.788051
d358cff6-c557-42de-b805-283cfc09d199,Jennifer Green,aprildalton@example.com,Elizabethberg,SY,premium,2026-01-05T17:37:40.464393
886d3042-3fff-4794-9d2c-782df6b7dca0,Joshua Henderson PhD,valeriemoss@example.net,East Jasmineville,NZ,premium,2026-03-22T23:41:51.047654
07d3f9c2-2150-4267-ac86-ad6b6c908e6e,John Morgan,johnsonshawn@example.net,Carrollmouth,CR,premium,2026-03-25T16:20:34.745854
1e52b323-fab6-4b86-983b-59a9c6dfe7a7,Patrick Ray,davisandrew@example.org,New Barbarafort,CN,retail,2026-03-07T01:28:34.354483
9e4bce2d-47a5-4c91-994e-8ef988e47f87,Kaitlyn Johnston,maria11@example.org,West Deannashire,TH,business,2026-03-08T02:53:34.570528
45fa5871-9a97-4996-9b56-f77bcf0eb860,Jordan Rubio,thomas40@example.net,Gentrychester,MD,retail,2026-02-23T12:21:10.430736
39a5baeb-0f2e-4484-abec-1d14c004553a,Stacey Dunn,valerie74@example.net,North Randy,IQ,business,2026-04-02T14:45:34.790530
97ec8419-88f3-496f-9c6e-433a7dc46bbc,Jennifer Harris,alexanderkim@example.net,East Debrabury,ME,retail,2026-03-29T12:15:32.753551
2900bd45-c8b2-47b5-a61c-bdd40c7f156a,Meagan Rodriguez,mgarcia@example.net,New Barbarahaven,MC,business,2026-03-19T19:40:08.026698
6914c850-0bda-40a8-86ca-368c40d44907,Angela Martinez,lisalee@example.org,Nathanland,FI,retail,2026-02-26T14:37:03.635371
243d5468-6864-459b-82da-af93d38f50d9,Steven Gonzalez,qescobar@example.org,North Deborah,DJ,business,2026-01-16T02:08:02.758808
994db8af-6c81-459e-b41d-2a08ca52e995,Frank Cruz,ohubbard@example.com,Ryanfort,CG,business,2026-01-19T12:58:42.931522
6a5eb956-d31e-4a94-8af4-fadae23af4a6,Shelley Krueger,ybarajas@example.org,Elizabethshire,PT,premium,2026-03-17T01:37:49.732456
e43fab3c-341a-47ae-b47a-aafac8fad589,Robert Bush,kevin92@example.net,Blakeshire,PL,retail,2026-01-18T03:21:21.144928
822030da-f103-405d-800c-300a3d9b9bfb,Grant Mitchell,jwise@example.net,North Julie,LA,retail,2026-02-24T21:58:32.909063
fdc4b333-b14a-4126-90a8-667bb4dd415d,Renee Lopez,uhood@example.com,Scottfort,LY,retail,2026-01-11T04:20:38.102375
a3ec25a9-15a9-4128-9470-0bf04a55e5ca,Anthony Silva,danielfelicia@example.net,Johnnystad,MD,business,2026-02-22T21:00:41.171440
670b0806-334e-480c-a00f-3a2e9f0fd03d,Anthony Mercer,ywebb@example.org,Meganmouth,TT,premium,2026-01-25T13:22:30.767793
7a9a4a55-ac1c-4fb2-ba99-a6794f00e7a6,Randall Salazar DVM,sherianderson@example.net,Matthewshire,SL,business,2026-03-28T07:02:40.948018
183a5775-2c6c-4434-87f6-a07e889e852e,Diana Butler DDS,whitestephanie@example.com,North Davidfurt,KZ,premium,2026-04-14T21:09:33.193236
ace4a7cc-3eb2-4d3a-9d5d-252bc4d18341,Holly Griffith,stephenchandler@example.net,South Trevor,SG,retail,2026-03-01T14:53:37.283153
8f759b21-73b2-4d8f-b620-0f8d3034b9b5,Thomas Garcia,justin73@example.com,Mariashire,SB,premium,2026-01-29T01:34:19.107847
97ae7dd6-e460-4485-9336-017a90158ecc,Erika Warner,joshuadavis@example.com,North Tina,HU,retail,2026-04-10T15:24:26.025499
1e6f93c5-c496-4de9-a647-0ab63fc554d6,Bryan Mendoza,johnlewis@example.net,Blairhaven,CN,business,2026-04-06T07:27:23.670830
a8548f34-b478-4cf8-a1c4-ae73305f70ec,Daniel Perez,michaelstout@example.com,Flynnmouth,CH,retail,2026-03-16T22:28:15.286840
04f2a74a-f5d1-419b-ab51-4f470a2a712e,Andrew Hill,umaxwell@example.net,Lake Timothymouth,KM,premium,2026-03-03T16:31:23.959965
473903da-2b93-468e-9665-6ea7c02b5b68,Mr. Christopher Espinoza,clarkjames@example.com,Lake Kathrynport,TO,premium,2026-02-07T03:02:00.415612
0696a3f3-65f2-43eb-af24-4018e8491152,Rebecca Johnson,wneal@example.net,East Jennifer,CH,business,2026-02-16T10:34:09.645115
057a1dd9-d71c-46bc-867f-9f8461ea1f1f,Scott Allen,jennamoreno@example.org,Petersfurt,NP,premium,2026-04-07T00:56:33.394593
c3fd1964-7d53-495d-8657-7c33889fa8e0,Tina Lopez,stacey25@example.net,East Jacqueline,ZW,premium,2026-02-19T12:24:08.941927
b3534c90-36b7-47d2-85d5-010cc955e1ad,David Vang,brentlin@example.org,Luisberg,CV,retail,2026-04-04T09:45:30.128344
f568a7a1-875f-44f3-8105-03aeb93cefed,Allison Mcintosh,nathaniel99@example.org,North Jerry,VU,business,2026-03-05T17:05:08.460681
7a8abd5d-d4b3-4e2e-b528-86289d2808b2,Jennifer Blair,snydermaria@example.org,East Danielbury,DO,premium,2026-04-10T02:43:54.970199
6e1916e8-22f9-458e-a406-db1d4ee58f67,Ronald Wheeler,kathleen86@example.org,Jenniferton,ZA,retail,2026-01-13T01:54:57.693837
c125dbf5-addd-4ffb-9fe8-a59838402e47,James Williams,urodriguez@example.net,Mckinneyfort,CF,retail,2026-02-01T07:39:56.896314
510eba06-285c-494f-beb9-50d65f310fd1,Sarah Kirk,mathew14@example.net,Port Markfort,VU,business,2026-01-28T05:18:15.284436
717fe028-eb84-4c46-b1d9-d7a1b88d0892,Brian Conner,stanleytamara@example.org,South Lisa,IL,business,2026-02-02T15:29:43.367279
59b33345-bc4a-4978-a584-ca1ade88be76,Amy Barnes,lopezdustin@example.com,Manningville,KR,premium,2026-01-22T12:30:23.827765
56956f77-80c7-4e98-a6ea-6bd86f0c1955,Laura Love,alvin65@example.org,Hayleyberg,TN,premium,2026-01-25T23:52:28.998315
487c086e-17a7-4fb1-a661-995d8998b796,Jennifer Johnson,hannahtaylor@example.net,Hannahborough,VE,retail,2026-03-02T01:29:13.043404
7cc2d617-64ef-4cba-bc91-f53651102b23,Stephanie Edwards,biancamorris@example.com,Johnland,EE,premium,2026-01-03T08:05:11.673243
b725f52c-5f45-4df0-aafc-f95a42195bf8,David Mcpherson,stephanie77@example.org,Zacharymouth,BE,premium,2026-01-28T22:06:10.541489
ee6a2dfe-3136-4d5e-bccf-f589f56b6378,Garrett Figueroa,matthewsmith@example.org,North Christinaberg,GT,retail,2026-02-19T18:02:47.803211
5e52b5e2-2bfa-4a70-ad31-1efa7c0f1e38,Kevin Stevens,imathews@example.net,Pittmanfurt,MK,business,2026-02-07T20:25:31.270954
48f3576d-1878-4a77-b134-ba10396caa3b,Richard Browning,vincent17@example.org,Hollybury,SR,retail,2026-01-22T14:53:59.617626
f3364495-92ac-48be-800a-ef73f662de0d,Alicia Lee,breweranthony@example.net,East Kristina,GW,retail,2026-02-20T02:51:01.418152
477be7bc-5ac5-43e4-aa99-eacf896687da,Adam Parker,greenechristopher@example.net,Port Robynberg,SZ,retail,2026-03-17T15:17:03.964968
d31c76f3-80f3-4ac5-8710-c709a61893eb,Matthew Johnson,kellydavis@example.com,Huangview,GD,business,2026-01-17T00:10:08.488882
05db54f0-403b-4faa-8cfc-a558fdc4ae96,Larry White,tlamb@example.net,Sarahton,SN,premium,2026-02-16T05:40:35.001629
461a24ae-2f25-4330-a7fa-56103d1babd3,Heather Gonzalez,brandi14@example.com,Andreaburgh,PY,business,2026-03-11T06:15:52.916240
362f39de-fa47-466b-87d7-3fee9343479b,Catherine Miller,tamaramiller@example.org,Millerville,SO,business,2026-04-06T12:15:53.816219
4c45ec04-e711-4e5b-a086-e78d00d9b5f9,Joseph Henry,terrylewis@example.com,Sarahton,VA,retail,2026-03-29T11:11:51.391066
e3718934-d96d-4b94-81f8-24deafb01e38,Christopher Wagner,vincent53@example.com,East Maryberg,SC,business,2026-01-04T17:38:21.862186
1d79ae1e-2654-44a1-903a-3e800bb8820d,Robert Cook MD,leezachary@example.net,East Codyville,BI,business,2026-02-12T11:16:44.435562
ac13dcd2-145d-4f88-bd5a-b501462c1894,Sonya Hatfield,michael66@example.org,North Erin,IT,premium,2026-01-31T18:39:45.445559
d559e104-f5ba-48e5-afbe-32277b8dea9a,Bobby Davidson,shannon08@example.net,Bellfort,IN,premium,2026-02-04T06:36:34.855437
acbf41ff-eb7a-4a24-aa7a-638a9e17c4c9,Amanda Brown,kyle42@example.org,Rachelberg,UY,business,2026-02-09T07:44:53.339955
cf730073-77e7-4958-b8c1-ed1696602f20,James Reed,fisherrobert@example.com,Port Jamie,DK,retail,2026-04-04T13:44:54.186348
ea929614-2392-46eb-a858-9d431a98d817,Angel Weiss,yadams@example.com,New Kristin,CY,retail,2026-01-09T16:39:06.557170
32e632ea-7d1d-4711-82ff-594e49e258b9,Linda Jackson,vcastillo@example.org,Jamesshire,PH,retail,2026-03-11T00:04:29.392575
1927f049-3e0c-4c86-a074-ac009970c2c9,Molly Martin,meganharvey@example.org,Christopherport,VE,retail,2026-03-24T21:52:34.641361
e7b03121-b77a-4d56-888b-7fab2fa7a360,Christopher Fisher,johndillon@example.org,Port Jessicaland,PY,business,2026-01-22T07:47:50.304172
ad55815e-85bd-457b-ae39-8ae62d4ced4c,Elizabeth Tran,terrilowe@example.org,East Lisa,CO,retail,2026-01-10T01:42:06.052037
7fabc562-61a4-4d80-990f-e359d8b0c7c1,Michael Brock,annbradley@example.org,Bartontown,CU,business,2026-01-25T03:28:04.840353
f84a8f76-d388-426f-9a20-9123b70f7139,Debbie Perry,karen55@example.com,Nathanbury,LI,retail,2026-03-19T18:24:35.565402
c9a0a00f-69c1-4f3f-bb02-3bf841052a53,Jesse Mitchell,pattonrobert@example.com,West Cynthia,BD,retail,2026-04-02T23:51:16.700154
5b968839-c60e-4b07-99fe-ef1cd15d3933,Julie Ramirez,christophergregory@example.org,Port Justinshire,UA,premium,2026-02-19T20:28:34.675937
e703f316-c686-467e-b11a-3076147ecfea,Chelsea Hawkins,martinsheila@example.net,Banksland,TN,business,2026-04-05T17:58:06.409804
c40f7e4b-2159-48d4-b166-cb7f32e3d3e5,Troy Castillo,bennettcharles@example.net,Hallmouth,MD,retail,2026-01-24T14:07:25.854392
51ac682f-a6ed-4338-8821-3b09700d910a,Nicole Bell,alucas@example.com,Shorttown,IS,premium,2026-04-05T22:55:48.418757
ff36364a-f47b-4f16-8f22-8c3095b602d4,Hannah Scott,qjohnson@example.net,Beckfurt,CN,business,2026-02-04T08:42:50.286580
f8924142-e834-4098-8316-701d4b23176a,William Morrow,robertscynthia@example.net,Melissastad,KH,premium,2026-04-01T02:34:05.109445
f25e9105-249e-400e-84b4-96a843779ea7,Daniel James,cindy52@example.org,Tracybury,EG,retail,2026-04-14T00:43:38.883197
ad612435-c94e-4367-af38-d122092e2f8b,George Singleton,rogersmolly@example.org,Jamesbury,HR,retail,2026-03-22T07:31:02.157118
05157599-7744-48b1-bfcb-6bbba16f7678,Julia Ellis,harperchristopher@example.net,Johnsonmouth,AU,retail,2026-01-30T21:06:00.658694
9177d43a-6299-4340-964d-5adafbe74c00,Dylan Taylor,tonyabooker@example.org,Nixonville,JM,premium,2026-03-18T08:35:55.987360
9da81949-fca4-4392-8c76-d85b5b7765eb,Krystal Shaw,njohnson@example.org,Tuckerstad,PH,business,2026-01-10T19:30:18.174095
1fca47f2-d5eb-4784-aeab-0361655eca77,Christina Briggs,tracie02@example.org,Sarahshire,MR,business,2026-03-01T12:07:02.853279
34506c57-5f33-4449-9e05-5432ff49f4cf,Raymond Spears,stephen90@example.net,North Shelby,TM,retail,2026-01-23T04:01:17.383422
12792973-5deb-4bd5-8423-0d0274c4d927,Mrs. Brenda Thomas,tracy50@example.org,Port Christopherchester,CR,premium,2026-03-01T13:11:38.745082
5801a771-d8e0-4e3e-abdc-efa50dd4490d,David Valencia,jaimepearson@example.org,Singletonton,JO,premium,2026-03-17T06:18:48.245650
cec3315e-9e8c-4493-8bfa-d9e38c46eed5,Andrew Miller,alexanderhenderson@example.com,Carolton,SL,retail,2026-03-29T06:44:20.613020
8706943c-4b46-40ba-bf94-af484b86cf1a,Richard Hoover,isabelperez@example.com,Martinezton,TR,retail,2026-03-13T19:04:39.230744
c803e9b3-8d2e-4cae-9e43-dcefc0dcdf5f,Lisa Brown,lindsay74@example.com,East Brian,RU,business,2026-03-24T02:19:11.391521
b229e7b1-451e-45b4-94ed-2d0631ce519a,John Santiago,michaelmiller@example.org,South James,NE,business,2026-02-12T10:31:36.505488
5e754761-d129-4aa7-af56-0e1abf52611d,Dustin Haley,thaney@example.com,West Tylerland,TN,retail,2026-03-22T00:58:08.559366
a1131c47-d4cd-4232-891e-c18fe374da3f,Justin Bradshaw,josephthompson@example.org,Port Veronicafort,LV,retail,2026-04-07T09:09:12.752395
e14a070f-a507-44d1-bc8f-fcd9ac903241,Jesus Cruz,anthonymiranda@example.net,Fletcherport,GB,premium,2026-02-22T21:20:08.957231
a6c427fe-05c9-4468-b715-d5b017189dd2,Daniel Crawford,udavis@example.net,Port Jacquelineport,LU,premium,2026-01-03T18:23:30.982950
d9844c1f-788d-4b69-8c80-e0488c290a44,Gregory Ellis,randall23@example.org,East Seanburgh,RO,retail,2026-03-08T08:49:06.543186
88665429-34e8-4550-a009-80ad52d23619,Audrey Finley,ashley48@example.net,North Timothyville,FM,business,2026-01-03T12:56:46.228702
85ea877c-d5bc-42f4-adb7-f51b6d309f68,Ashley Black,qwoods@example.net,East Racheltown,GM,premium,2026-02-26T07:58:01.172952
af108260-a7c9-4aa5-a169-379a647b52de,Dr. Diamond Gill DDS,sanfordsteven@example.com,Port Sheena,PT,retail,2026-01-04T15:17:07.121729
841fc12b-d3de-4b5d-9068-2b92ec5017ba,Christopher Burton,dcherry@example.org,Boydside,IN,premium,2026-04-08T23:29:25.740769
daa49e3b-bd0b-4ad2-9cae-724a91673407,Nicole Reed,wdelgado@example.com,Valenciafort,CU,business,2026-03-23T10:18:30.122914
9c7c1b45-49ac-4a2b-88a1-4a57d0acc387,Brent Stewart,ttorres@example.net,Kimfurt,AM,retail,2026-01-16T16:07:37.057329
01ccf1c6-0172-4f3e-a2d5-ba37ab8300e6,Lydia Cline,bhall@example.net,Kennedyville,ST,retail,2026-03-11T05:41:48.724779
87bbc9b2-6f46-4a7c-b923-119d7b5611c5,Jennifer Guzman,christinerichards@example.org,West Jonathan,SA,premium,2026-03-21T21:03:29.684694
ccf39ddb-2bae-4f68-895c-841243cd6963,Shane Graham,brandon08@example.net,West Annbury,SE,retail,2026-02-18T16:24:12.932913
3aaffd4f-44b3-49bc-8583-866f40e30beb,Megan Green,ostanley@example.com,Karenborough,SI,retail,2026-01-21T02:02:19.714588
2afd4474-8316-4f0d-9c7d-ec75b288c3a3,Connor Logan,preyes@example.com,Jacobsville,PH,premium,2026-01-02T18:14:21.902346
e71c5a9f-cbf4-43de-a78a-3a843960d0aa,Jacob Silva,christopherruiz@example.com,South Sueton,ID,premium,2026-01-04T09:49:56.199499
2d383741-3573-47c0-81f9-34e17b28597e,Patrick Duffy,jorgehaynes@example.org,Powellland,MA,premium,2026-03-22T09:44:59.554327
c8b7ad7a-3f9c-475d-baa3-3524d9c4a8da,Mrs. Megan Swanson DDS,janice39@example.org,New Julia,BW,premium,2026-03-16T22:51:36.991190
ee46635b-20f3-42cb-a258-d0c2f1291202,Misty Le,dcross@example.net,Higginsfurt,AG,retail,2026-01-18T13:21:52.679381
8e1a675c-89e4-4a9f-96cc-3f035a8cfbb6,Whitney Chan,jill80@example.org,Lake Dylan,AD,premium,2026-04-12T04:27:21.363539
fe47fadf-95ce-4a07-a9f6-75cad229ff51,Derek Morse,laurataylor@example.com,West Brettside,CN,retail,2026-01-08T03:07:23.163910
84e8b27e-1642-4a03-9d24-549dc722d2de,Brad Molina,sandovalkatie@example.org,East Ericshire,AD,business,2026-03-20T19:06:22.035861
d612c208-6864-47f3-b9a4-063ee1a7efdc,Gregory Wallace,pdillon@example.net,Connorview,RS,business,2026-03-29T03:44:39.577654
b4b6132b-50d5-427c-9a5d-d144fce96470,William Smith,annamiller@example.com,North Michael,PH,business,2026-03-10T15:44:26.537497
b0627d30-0b2f-4e2f-86a6-6f2ff4021670,Allison Hudson,smithmatthew@example.org,Stacyborough,LS,business,2026-02-03T03:11:32.315056
f8aa2627-22cf-4238-8c4c-0cadbc623524,Christopher Russell,michellemurphy@example.com,Paigemouth,HR,premium,2026-02-08T10:32:37.840121
81258378-5e54-4906-8751-79c39f37096e,Mrs. Casey Craig,todd97@example.com,West Charlene,AF,premium,2026-01-10T22:00:43.770250
5c78f493-ffa0-49dd-b619-25215d4125cc,Lori Lane,robbinsmelissa@example.net,South Margarethaven,BG,premium,2026-02-06T21:15:19.548794
369ec106-ba3b-446c-b332-4c403d5bf4e2,Kristine Hensley,shawnmartinez@example.com,Jessicafurt,LU,retail,2026-04-08T14:22:18.029232
eef07cb6-65d6-4ee2-b9cb-a8e872fe625e,Gina Carpenter,crhodes@example.com,North Abigailbury,CM,retail,2026-02-27T16:55:14.867989
5f4bffa1-ef0d-43c2-98ef-1efb429e323a,Danny Webb,rachel70@example.net,Ritterborough,MH,business,2026-04-03T02:29:42.904290
68ebf842-3115-40e4-afac-e7b5e397f361,Rachael Huang,ywong@example.org,Clarkborough,GN,retail,2026-02-26T02:50:04.449778
9aefcc4c-f0a3-4bba-9b54-fc3b93667643,Cassandra Archer,christinereeves@example.net,Myerston,BO,business,2026-03-22T10:54:35.110846
d2e26278-6e75-4b0f-960d-973b05195d1f,Latasha Jones,nwilliams@example.net,Williamsside,IE,retail,2026-03-23T13:40:03.173341
d4f78edb-3452-423d-bbd2-c251db42291b,Andrew Rojas,dan84@example.org,Markmouth,BN,premium,2026-04-03T20:50:18.562805
1b1b695c-2b33-472d-9aba-119c01f902af,Brittney Thomas,nhester@example.com,Campbellland,MZ,business,2026-03-04T16:24:16.271160
df502f7a-eedf-46a3-831f-588484a9d9d7,Bryan Garcia,williamsbrad@example.net,Josehaven,LY,premium,2026-02-20T08:10:12.772273
3661116c-2f90-4b96-8577-0dde64583afd,Kristen Jimenez,joshuahernandez@example.com,West Cynthia,NP,retail,2026-03-24T02:01:33.171867
934fb2a7-e22f-41ba-a91e-a4b2ad29076d,Tim West,weberrobert@example.com,Schaeferside,BN,retail,2026-03-31T05:12:37.839677
515ec239-67b3-4097-b4e9-51ea77172156,Monica Harding,cindyyang@example.com,Brianshire,UG,business,2026-03-10T15:38:56.966491
80191f47-1745-4250-b280-1c660cd4ccdd,Edward Morgan,lmiller@example.net,Johnsonport,ML,business,2026-03-06T12:59:34.516896
4c533799-ad0a-4296-bba9-954bacf76c05,Ashley Brewer,randallchristina@example.com,Port Benjaminstad,GM,premium,2026-02-15T15:53:39.175273
e31dd15b-ffbc-4675-98ea-4263af715afe,Ryan Gonzalez,danielcochran@example.org,West Donald,UA,premium,2026-04-09T20:36:52.329106
8e7185a1-f5cd-4852-be19-802b0bf9b331,Mark Jensen,alyssa88@example.com,New Leahville,BW,retail,2026-03-06T03:50:06.230732
0233767e-cc9c-46f7-a8e4-bb13188d5c61,Bridget Adams,jacob87@example.org,Timothyview,SB,premium,2026-03-05T01:30:40.086149
c27a4743-b5f8-487d-9050-ab0893ddec65,Miss Brittany Guerrero,hoodvicki@example.net,Lindaville,JM,premium,2026-03-16T13:17:13.287577
a1eefa5e-2b40-4442-9892-eef488587d1a,Tonya Jackson,kevintrujillo@example.org,Lisachester,GY,retail,2026-04-17T07:16:25.096394
4ba38b15-76af-49c9-ac1e-5ab7f60e7fca,Victoria Aguilar,heather29@example.org,East Tracy,BI,premium,2026-04-11T16:47:56.993422
2b8858a3-0e29-4030-910b-4e9070a1ea6f,Rebecca Mitchell,ehill@example.com,Clintonshire,LC,business,2026-03-30T18:01:32.418016
f0459393-2674-4862-8a16-8bf167bd45f7,Kimberly Howard,coxcarrie@example.com,New Kristin,CR,retail,2026-01-29T19:06:17.169905
bf1c4c11-7a67-4768-aa0b-ba03992479f6,Isaac Adams,hatfielddanielle@example.net,Emilymouth,ML,premium,2026-03-24T11:16:05.722824
d01f6b03-7db1-47c1-919d-621368a04ccf,Travis Lucas,jessicarichardson@example.net,South Martinstad,DK,business,2026-01-02T02:38:44.908389
c0423188-a7a1-4c3c-937b-7f102e23d40d,Rachel King,carterjames@example.com,Johnsonton,SI,retail,2026-03-25T21:09:06.451297
6327932a-23c7-423d-90d5-142937daf8ca,Erin Patel,pward@example.net,Alexchester,HN,retail,2026-04-08T05:23:40.579714
5701b71e-efe0-4229-ae1f-4429918a06c6,Jennifer Prince,ramosthomas@example.net,Brucehaven,SI,business,2026-03-09T16:45:47.209620
3c959936-2611-4aa4-a244-79b5968c4fc3,Jessica Welch,nathancantu@example.org,West Aaronhaven,GW,business,2026-01-16T23:36:51.201663
461a86f8-1458-44fe-a083-83ace49750ce,Robert Morales,khubbard@example.com,New Danielmouth,CN,retail,2026-02-19T22:37:23.680911
cfa345ff-4003-4de3-aab8-98b7eb8b2b6d,Nicole Dunlap,zperez@example.net,North Tiffany,DM,premium,2026-03-25T05:52:59.451029
6c2bc176-2c91-45eb-9573-15d89af481f3,Tyler Weiss,kellykim@example.org,Melanieshire,BR,business,2026-03-12T05:41:41.732264
ecf74f15-395c-4696-bc62-c6a578664381,Kelly Aguilar,robertbradshaw@example.net,East Kimberlybury,MT,retail,2026-03-26T09:19:40.028617
7a8f7e88-749a-4daa-b2f9-2edb04f95c6e,Andrea Dennis,vasquezandrew@example.net,West Elizabeth,GM,retail,2026-01-19T03:42:26.582886
8cdafcd2-b20e-43bd-beb4-b2692f232700,Marissa Morgan,fieldstamara@example.net,Melvinberg,CL,premium,2026-03-17T15:52:53.137823
af20a480-445e-4a11-b406-0f65d9b325a4,Robert Smith,michael55@example.com,Lisachester,KM,premium,2026-02-01T16:28:54.923263
29f0579a-dfe9-430a-ba61-faafa9ebab6b,Pamela Lloyd,phernandez@example.org,Lake Teresa,TL,business,2026-01-29T20:21:47.322868
a4225174-7768-446f-8f96-150cbb2b93b9,David Contreras,ykey@example.com,Wallaceshire,BN,premium,2026-02-09T20:51:34.245325
faa7eb24-0b53-4d99-a558-a7641bdea028,Jessica Lewis,lfoley@example.org,West Sandraton,SE,retail,2026-02-16T05:28:08.103703
68922b7f-02e0-4f63-8c2d-6c84aeef55cb,Caleb Brown,perezmelissa@example.net,Manntown,IT,premium,2026-01-04T21:34:33.856233
224ad0ea-a9c5-453c-992e-2453b199d3b7,Madeline Gentry,evanzimmerman@example.com,Foxville,MT,retail,2026-01-27T03:46:35.207319
d978b487-4f32-4a71-ade0-92bd1f2e2231,Nancy Lee,cward@example.org,East Oscarstad,CR,retail,2026-02-26T22:43:22.740631
16d4dd8e-cf02-466d-a5d8-c8740188e005,Joshua Mcgee,matthew44@example.net,Lake Daniel,EE,premium,2026-04-07T00:51:31.136092
38fa0d0d-aad7-462c-ab4f-b2d666c81ea8,William Williams,juliaromero@example.org,Port Richard,BF,business,2026-04-05T23:57:07.838376
3efa9a75-49bc-4cec-a10c-f3942c539311,Allison Anderson,ijones@example.org,Georgeville,MH,premium,2026-02-09T17:41:56.294149
dc6b4f3d-a95b-460b-8ad9-48077f0a2f8d,Tyler Sawyer,anthonykara@example.net,East Riley,YE,premium,2026-02-05T14:57:43.025688
308abe5a-2678-4080-823f-bd59ef83bcca,Lucas Stevens,ryan80@example.net,South Amyview,VU,business,2026-01-10T19:55:37.058584
e6ea1932-b68b-4eae-98bb-57cb81522ac7,Derrick Duncan,ehenderson@example.net,New Kimberly,AU,business,2026-01-08T21:02:24.544225
de5f82a8-44f4-4a7a-9d37-e067593dc25e,Daniel Moore,kevingutierrez@example.net,West Shelbyberg,RO,retail,2026-01-15T16:44:41.046760
245c5b08-82c8-4d5a-bded-fd7bf466a8c3,Laura Bullock,williamszachary@example.net,Fernandezchester,UZ,retail,2026-01-27T02:01:03.430058
fc7cc365-9718-4e7d-a56e-764049440537,Jonathan Hoover,nicholegray@example.org,Lawsonhaven,BZ,premium,2026-01-03T02:22:38.060292
8a7068f3-4872-4871-a561-efe81db81aff,Angel Mcfarland,ashley06@example.org,Krystalmouth,BI,retail,2026-03-25T18:01:01.504812
a8522c1b-d2e3-465a-a43a-3d7ed20ed86a,Matthew Brown,emilyfaulkner@example.net,West Donaldhaven,DO,premium,2026-03-14T07:23:48.117849
d377182b-98b7-486b-9a21-865fdd079f94,Amanda Russell,miguel29@example.net,Jamesland,OM,premium,2026-01-12T07:04:58.813837
ac3f179b-ec07-4b45-b493-f2d936def09c,Alyssa Strong,michael50@example.org,Shawnmouth,TJ,retail,2026-02-25T13:10:28.088673
dfd434c7-b131-4823-9ae9-cdc4f5e71152,James Rose,fieldsmichael@example.com,Port Sandra,LC,business,2026-03-28T13:36:52.633533
698c4efb-9b48-476b-90ee-44bd78f0b6a7,Jessica Spencer,kathleengriffin@example.net,Mcdonaldfurt,EG,business,2026-04-15T14:26:04.535126
b6d754ae-668c-4e97-a64a-5a413b48ac4a,Yolanda Collins,michael89@example.com,Gabrielton,MD,premium,2026-02-22T15:22:02.033130
35d2f22c-e3a9-46fa-937b-4f792b7822f5,Jeremy Stevenson,kimberlysalazar@example.net,Robertstown,SR,retail,2026-02-03T04:21:11.920873
1196f34d-8673-4e2e-8878-0b820f7963df,Kelsey Lee,lindseyorozco@example.org,Greeneville,CY,business,2026-02-27T02:08:02.812264
e11ffde1-7d72-45c2-a783-87e921a85a3c,Maria Howard,fcaldwell@example.org,Port Michael,KR,business,2026-04-17T03:49:19.173117
299d077f-299b-44fc-a4cd-de9b1d370171,Xavier Reid,fknox@example.net,Jasonmouth,JP,business,2026-02-02T07:43:44.467965
8f3f830b-cee7-4f83-9366-e9eb8fbf8a11,Marc Webster,dixonelizabeth@example.org,Jessicafurt,GA,retail,2026-04-10T10:49:05.107013
0333dae4-f0ee-4caf-91d7-72399e68f5d2,Charles Lee,shirleyfernandez@example.net,North Kellyfurt,KW,retail,2026-01-12T17:04:39.089652
47567e72-1ea8-43db-a57f-61de3a02c893,Billy Wong,bradleymorris@example.net,West Katrinaport,PK,retail,2026-04-09T11:31:09.869555
70451ea3-01cf-4d94-98b8-51564cf0a702,Rebecca Lowery,dunnheather@example.net,New Teresastad,GR,business,2026-02-18T01:49:01.948452
ac5490cc-6248-45de-b381-522c4d52c27b,Linda Pearson,dcunningham@example.com,Diazborough,LY,business,2026-01-26T17:06:04.083105
d09e6269-a40d-47a9-8b1f-608a9d3f8ff7,Jamie Scott,banksjason@example.com,Maryview,VE,premium,2026-01-24T04:19:51.510111
5955e1da-e25d-4835-b165-1b64a8d43c2b,Brian Washington,chamberscynthia@example.net,Eduardoborough,LS,retail,2026-03-20T13:52:10.948547
072108d5-8156-4ece-9a2f-fbb69f0ee45c,Donald Young,cnelson@example.com,Jamesfurt,TM,premium,2026-01-23T20:03:47.113962
1fc5084f-a48b-4e5e-b64b-1bac600c62be,Karina Barnes,williamwarren@example.net,North Allen,GR,business,2026-01-31T13:53:38.500097
216acdaa-708f-4c96-a0c9-30ec6ef020cc,Stephen Frost,heidihill@example.net,East Karenmouth,PW,premium,2026-02-12T08:58:46.196764
0483ca8f-66c4-430f-ada0-9907d994653a,Aaron Sanchez,douglas54@example.com,Kerrtown,BZ,retail,2026-04-07T06:45:48.062001
165abe5e-432d-42ee-8563-d69963eaa9c6,Donna Fisher,fwong@example.net,Port Leslieborough,PY,premium,2026-02-26T19:28:42.293432
a1b7a3bd-c912-4956-843e-d3080bf21ffe,Bryan Liu,andrewmorris@example.org,East Cheryl,AO,retail,2026-01-10T23:29:40.701914
69674dec-5e8f-404b-9f7b-7b2ce7639105,John Cohen,ihicks@example.com,Princeside,TW,premium,2026-03-07T17:24:42.781521
24eef2b0-3bd8-407b-8988-61792695222d,Teresa Munoz,brooksjulian@example.org,Blakefort,CY,retail,2026-01-16T22:53:14.417566
393e3e29-1709-419b-ac3e-ec103f1cbcca,Mark Wright,odavis@example.com,Palmerland,LU,business,2026-02-23T22:07:10.734826
490b9ddd-4822-4d71-9919-a83241686eb0,John Young,millerjames@example.com,Carpentertown,SB,business,2026-01-17T10:51:06.489048
b7380c3a-ccf9-447f-8284-00a339765708,John Miller,smithleon@example.com,East Lisaburgh,PK,premium,2026-03-17T12:43:49.536398
01f55be5-bfc8-4a16-ad72-5fa94faf3925,Timothy Schmidt,kathleenwilliamson@example.com,East Vanessa,UY,retail,2026-03-10T22:42:42.995410
71dec1a9-25c7-41cc-8362-54372c2e9cc9,Maria Braun,lwade@example.net,Port Michelle,KW,business,2026-01-22T16:17:43.123141
42495f59-7407-46ab-816d-7d236a957ed8,Joe Garcia DVM,john42@example.org,North Marcmouth,BO,premium,2026-02-06T17:15:51.266637
42b70a91-0166-4d21-af3d-b940ec6aa0af,Jeremy Moore,hansenalicia@example.com,Zimmermanview,LB,business,2026-02-02T11:10:04.267638
390c13ba-57e9-442f-bf92-984f75f0861d,Benjamin Harris,curtis94@example.net,Jonesport,LS,business,2026-03-06T00:43:26.641393
c4d8b0b9-0cd9-4bd4-9bba-f5b4e13faa87,David Lewis,vlopez@example.org,New Shannon,SD,retail,2026-02-10T02:39:32.278698
c35a8452-abe7-488d-8f14-0b9a6d83a4ca,Jonathan Flores,matthew14@example.net,Farrellmouth,MM,premium,2026-02-15T01:53:32.957839
6b454bb2-595d-458b-b87d-d95e480e838f,Lisa Green,rangelsteven@example.com,Delgadoburgh,AM,premium,2026-01-07T01:24:56.435856
df2e87c4-66e5-443a-ac24-e4dcd9fb137e,Melissa Fisher,benjamin15@example.org,Leslieland,PH,business,2026-02-03T05:48:54.380759
b3417f8d-ff05-4380-b5b4-8f49dbaea085,Jeremy Smith,kstanley@example.org,Aaronstad,BD,retail,2026-03-21T21:56:13.341873
f4fabbf8-7624-4cd1-a94a-1c8a436c508e,William Thompson,andrew65@example.com,Jonesberg,SG,premium,2026-02-06T14:19:00.231689
b367a33f-6dd6-43a6-8afb-12f55b135d90,Carl Gutierrez,castillopatricia@example.com,East Stacyburgh,ER,business,2026-04-09T17:32:26.652462
e4aef284-beb0-4c2a-8eb5-c8efe64011d3,Kyle Smith,michaelpowell@example.org,Nicolechester,US,business,2026-03-23T21:14:31.113402
e87e4e80-6d56-4f99-85c3-e05a4c0c401c,Anthony Rivers,tim47@example.org,Masonbury,EC,premium,2026-03-30T18:25:56.028832
ddc619c7-dba9-4b2a-bf31-6a28eb361a3c,John Tran,rodney17@example.com,West Deborah,BS,business,2026-02-23T14:24:38.275495
2e49292c-b404-412d-b94c-7b52bc591d2a,Jennifer Adams,davidwiggins@example.net,Brookestad,GY,premium,2026-01-01T05:33:48.828160
5a83f0ab-2ad2-4045-823a-23d8cc23142d,Michael Davis,joneswilliam@example.org,Bridgetview,HU,retail,2026-02-27T15:09:41.722816
619da955-faf4-41d2-8be0-d4435f178634,Mr. Aaron Sutton,katherine14@example.org,Burchfort,HU,business,2026-01-17T09:41:22.141074
aa59ca85-ba55-4994-9cd3-050d8b422cb7,Marissa Peters,slamb@example.net,Brentburgh,CR,business,2026-02-03T16:54:12.057916
b58ef2df-8b70-41f5-919b-b3eadd5a3e87,Kimberly Hill,agarcia@example.org,Natashaport,LR,premium,2026-03-11T16:43:30.427162
c1ce62d8-a024-4382-8813-5afb9bea68a1,David Romero,debbiemalone@example.com,Cooperbury,SE,premium,2026-03-27T16:07:50.463877
eb765906-dd85-4d13-b3f2-5fd5abbc1398,Jose Holmes,anapeters@example.net,North Tammy,SN,business,2026-02-25T19:09:36.591710
3c75472d-4865-4fdf-bbaa-66bac8ad0a07,Andrea Mayer,miguelgonzalez@example.com,Angelicabury,DZ,premium,2026-02-05T20:27:37.568761
0d1c9362-3f17-417f-8f04-7f76a4cac29b,Drew Grant,patriciapadilla@example.org,East Davidstad,MW,premium,2026-03-29T06:10:35.488792
361e966d-1f3d-480e-837d-4a82cc31c3c1,Janice Douglas,hsanders@example.com,North Eugeneview,NG,premium,2026-03-06T01:44:16.894531
1015ba97-5d75-4556-87fd-f73f912fe936,Jesse Jones,robert94@example.net,West Gina,MC,business,2026-03-31T21:12:49.058478
4fe7add8-d972-47d6-a262-66914a4efb4d,Brooke Wood,mooreandrew@example.org,Justinside,AF,business,2026-01-18T18:21:31.380221
99a76fa1-5440-491e-b919-6d9c0e7c3ea9,Arthur Cooper,sierracraig@example.org,Lake Keithhaven,DE,retail,2026-01-30T15:03:44.298629
36e7475f-2ff6-475d-8918-0a6698003d8a,Michelle Jones,danarussell@example.net,Port Anthony,TM,business,2026-03-07T07:21:17.731369
78d5fce5-3a7a-46e7-bfb0-ea2d0991e682,Ashley Campbell,craigdarrell@example.net,Tranburgh,MY,premium,2026-04-14T13:20:52.969607
66d5e4d1-3b3e-439a-9ebd-ca6dcdc38421,Jessica Murphy,brian56@example.net,Port Brandi,LR,premium,2026-03-18T00:14:42.345482
27ef4e0d-14bb-43a2-9eff-13538a9fb772,Darlene Reese,johnpoole@example.net,Katietown,CV,business,2026-02-10T12:16:58.953831
9b2c5a84-4d18-4f19-8e2b-2db093021d5d,Gerald Gonzales,alexanderwilliams@example.com,Pattersonport,AZ,retail,2026-02-02T18:17:48.855874
0a9caac8-894c-42c2-980d-09e4af5ee6d8,William Brock,lindseykaren@example.org,Carlsonbury,KM,business,2026-01-23T09:24:03.404201
265f12a9-a1a0-4f96-9dcf-1006a4ee86ce,Ronald Bauer,kathleen45@example.com,Lake Tracy,SG,premium,2026-02-10T11:13:19.883751
929367a9-24a0-4fc0-a5b1-f8184345a9b0,Eric Hays,owilson@example.net,Port Stephanie,BN,retail,2026-01-21T15:54:39.369507
38215f43-140a-4694-8f15-8627e80c9282,Alexandra Hunt,susanjackson@example.net,West Michael,ES,premium,2026-03-17T07:41:22.278126
9e8ed74f-99ad-4737-b80e-1850a576bb5e,Deborah Rice,jthomas@example.org,Jacquelinetown,LV,retail,2026-03-06T17:14:14.833189
f07e83cc-1b45-4317-a5a0-823acd2d0e11,Crystal Garrett,samantha13@example.net,Rachelmouth,CD,retail,2026-01-22T18:56:43.284095
97f56de8-170f-4ff6-9f30-b1b012417b69,Francisco Scott,ashley98@example.net,New Vanessafort,BZ,business,2026-02-09T01:28:43.298769
77d3685d-861c-40f3-9013-7c9faf40d87e,Michael Sherman,fullerdaniel@example.org,Johnsonton,DO,business,2026-02-05T09:55:31.327807
1213423c-afba-49bd-870c-24805f2495e6,Mrs. Sandra Thomas,brownjessica@example.net,Wademouth,PY,retail,2026-03-09T05:50:31.989108
9b896228-ae5c-450b-bf14-9cb1f79e223f,Jesse Sullivan,krodriguez@example.net,South Jeremiahton,NG,retail,2026-03-30T06:39:57.116126
7228ac76-1f79-4a9e-baeb-e7fd85215f99,David Cowan,bennettleah@example.org,Scottfort,VE,premium,2026-04-01T06:48:42.600348
aff07ffe-9b9b-4c55-b8f9-4ecc1ad5e0db,Todd West,maryzhang@example.net,West Danielberg,KG,retail,2026-03-04T15:01:20.251759
27a8249c-77c7-4f2c-952f-bcc84cf8288f,Jacob Le II,hayden56@example.org,Gibsonhaven,TR,business,2026-03-14T10:52:13.777832
19c1eb01-1805-47e9-a288-768bd744c368,Jose Coleman,paulsheppard@example.net,Bautistaside,AT,retail,2026-02-07T02:55:46.010042
359997a9-b4bc-4588-94b9-ce7188b73f6b,Sally Harrison,hjohnson@example.net,Port Kevin,NR,premium,2026-03-30T16:26:28.664042
1a1be1d5-9273-43e2-8a17-c4a5d244a493,Gabriel Mckay,thunt@example.com,West Brentchester,JO,business,2026-01-23T01:19:03.967448
c842d6be-2e15-4edb-bc4a-9c37215af307,William Frey,asmall@example.net,New Sara,MZ,retail,2026-01-18T19:18:29.031483
f69dfdd6-4aab-4db0-8b1e-a85c73ea6c4c,Lauren Fletcher,kathryn18@example.com,Emilytown,MY,retail,2026-04-17T01:00:12.117085
6cb9b365-cebe-4b7a-8a72-18aba41bd9d3,Travis Smith,robertshah@example.org,East Sabrinamouth,ST,premium,2026-03-26T00:15:31.292177
8f6d306c-8d3c-459a-b49f-3b395b0128ab,Michael Griffin,latasha19@example.org,North Deannaland,UG,retail,2026-04-16T03:35:53.412667
40c83471-1de1-4cfd-8090-0e52a5b13041,Karen Scott,ricky17@example.net,Lopezville,MZ,business,2026-02-25T02:20:24.147548
c410f414-e6a4-4a4d-a834-5e6d5d1bc49b,Emma Newman,alicia95@example.org,Andersonchester,MW,premium,2026-04-05T23:10:08.770732
33473d9b-aa5d-4f21-9d0e-8bf55f06dff3,Anna Dixon,calderonmartin@example.com,New Rogerport,CU,business,2026-02-13T07:54:38.464923
d15a2fdd-4e03-49c0-8b44-7229bafdd9c8,Daniel Shaw,loricarlson@example.org,Lake Keithfort,WS,premium,2026-02-10T19:06:36.004303
609d4cf8-8b7d-42c0-b6cb-f15a0ac59cfb,Charles Barker,kingtina@example.net,Hoovertown,MK,business,2026-03-27T14:39:07.398085
f509eaea-fa37-448b-87f9-c3466f189746,Lucas Martinez,lisa69@example.com,West Marymouth,MN,business,2026-04-02T17:45:42.140016
c603a483-ef12-44e2-a6ed-bf8c14e939b8,Robert Hernandez,rosaleskyle@example.net,East Maria,FR,premium,2026-03-27T10:14:21.391011
1f78f2e4-405b-4ac7-b8d6-8f289deab02c,Alexa Williams,jgamble@example.net,Smithfort,KW,premium,2026-01-17T16:18:14.110937
e00eff93-4c92-4ff4-80f2-3239a341faba,Philip Bennett,qking@example.org,Joshualand,BA,business,2026-01-10T03:27:43.019459
84a673d8-ad90-4b79-b937-7e56c4f445b6,Jasmine Jones,cnichols@example.org,Johnsonton,VU,business,2026-01-01T14:43:02.120237
6f9d13db-863c-4ee7-aab0-a51b8bcdca63,Matthew Melendez,carla21@example.net,East Thomaschester,ID,business,2026-01-04T00:26:01.875924
dd9a50eb-e6ee-47d8-8d85-971bb55c4c17,Cory Hall,underwoodbrandy@example.net,Johnsonbury,CN,business,2026-04-01T09:46:41.155040
41186b9f-b7c7-405a-b6bc-d67588d639bd,Mrs. Angela Robinson MD,mason93@example.com,West Amy,NG,business,2026-02-20T06:59:32.575615
173caeee-645d-4d65-991c-31b2ce30cfd9,Shelby Dunn,mooreandrea@example.com,Stevenshaven,AE,business,2026-01-27T00:32:14.446801
95d45ab8-a8ac-4c05-964e-7a25ffeddeb3,Marcus Nunez,deanmolly@example.org,Monicaview,NA,premium,2026-03-04T08:06:33.579996
eb266ebf-0648-40b4-abfa-df4322961783,Whitney Smith,xthompson@example.net,East Heatherland,AL,premium,2026-02-16T02:40:38.820548
604df011-ff7b-4d62-b710-06de26368014,Jennifer Russo,elliotttyler@example.com,Patrickchester,MW,premium,2026-01-21T01:33:35.112804
b6e69272-0eb2-4fc1-aabb-d02e3a3fd786,James Johnston,roseheidi@example.net,North Richard,KE,retail,2026-03-26T14:28:35.041331
596ea57a-1fa6-4a2e-bd48-17146c93058f,Andrew Foster,savannah43@example.com,East Anthony,GE,business,2026-03-31T11:29:24.943732
c6261952-cf54-4a16-8c81-8677ebbf3edc,Beverly Brown,stokeskristen@example.net,Lake Victoria,GR,business,2026-01-13T13:02:41.474557
5f8485ea-83cf-426b-b16a-b2c3d6f7d2b0,Eugene Collins,jasonortiz@example.org,East Robertville,GW,retail,2026-03-29T15:43:19.699274
03274cc0-6164-4e22-8023-a33be64bb9c8,Ashley Austin,greenwilliam@example.net,Mendezburgh,LB,business,2026-03-23T05:44:56.895045
62efa741-14b2-4f90-aee1-ea859d4d1a64,Rebecca Williams,natalierogers@example.org,New Jessicamouth,NG,premium,2026-02-03T22:26:03.385140
afd16638-784d-4d83-9ce9-3c9289c1dc38,Thomas Fernandez,scottsmith@example.org,Patelfurt,PS,retail,2026-04-01T13:44:01.724151
2d2dafd7-81bf-4df1-9bbf-2519d1ce985f,Jonathan Reeves,tara81@example.com,Port Charlesmouth,IT,retail,2026-01-06T08:31:48.461396
53b7757c-ab20-469b-9dbc-8cb32e1558df,Billy Mcconnell,johnsonangela@example.net,Dyerport,GQ,retail,2026-01-25T12:12:27.977905
ea22c2e4-312e-4ff6-b46a-73a62eb136f1,Dawn Hicks,kelly18@example.net,New Raymondborough,UA,premium,2026-03-14T17:52:05.508963
cab5182f-4fc4-4930-9840-1bce195f0526,Heather Martinez,cindyhernandez@example.org,Lake Allisonchester,SN,retail,2026-04-05T02:54:00.379431
dbfa836f-4fad-4cef-bd13-44da59a71e9f,Christian Silva,matthew66@example.com,New Nicholas,SN,business,2026-01-07T13:39:50.482750
4c9f4142-0b94-4888-80eb-fcf12b55a57f,Frank Washington,ddavis@example.com,Marciaport,CG,business,2026-04-05T16:25:17.216854
e8277ee7-ecf9-43dd-b6fe-a122aafed1de,Abigail Riley,xlee@example.com,Port Nicole,FM,retail,2026-02-15T22:15:26.169218
3acb548d-7521-452a-aebb-3329b45e0a33,Connie Hall,jacqueline10@example.com,Carlosville,MH,premium,2026-01-11T08:53:33.511276
b5452aad-afc8-421f-85d9-6fbb44db5c44,Cameron Obrien,georgenguyen@example.net,Robertberg,SD,retail,2026-03-14T05:36:29.845494
ba66c0f0-3339-4bbe-af04-5386494c196b,Beth Davidson,nelsondaniel@example.net,North Danielton,BH,premium,2026-03-25T10:42:12.785051
de3d029f-32ab-45de-ae77-6a801b447856,Melissa Kelly,pruittjames@example.org,South David,FJ,premium,2026-01-26T01:06:06.594894
18d4573a-7865-4cfc-bba6-965392952c6b,Christopher Cameron,kpatel@example.com,Lake Jamesmouth,PK,retail,2026-02-22T12:23:36.474071
19549cce-c7d3-49df-a0ac-526d360de6f9,Mark Martin,parkerbenjamin@example.net,North Kaylaport,CI,business,2026-02-27T05:44:13.215741
492410ab-7ddb-45a0-86ca-9d7800f3da5e,Joseph Castaneda,stewartrebecca@example.com,Pamelamouth,CU,business,2026-03-27T22:12:56.715662
e9aed945-7668-42bb-951c-ccd1b8996ea2,Brianna Wagner,ashley02@example.org,Lake Richardchester,HR,premium,2026-02-25T21:13:45.900316
f6eb1cfb-7d34-4ff9-904c-8df65ab0476c,Ryan Frederick,taylorzachary@example.net,South Robertview,GA,premium,2026-02-12T19:19:45.532413
206cb84e-d56a-4ec7-b5f5-0bd051c2bb63,Brent Shelton,sandradavis@example.net,Joelside,ME,premium,2026-01-07T06:08:50.841765
f7e24ddb-9ccc-466e-aa0b-03be211c0c1e,Peter Jones,pclarke@example.com,New Juliestad,BA,premium,2026-03-22T18:24:41.931128
25f89f7f-4f57-4700-b60f-d1634d40ca23,Luis Lester,markwhitehead@example.org,Shepherdstad,KG,premium,2026-02-05T06:15:48.347652
86b1e58a-b9ba-4044-8a01-c1c922bc8502,Nathan Wilson DVM,michele65@example.org,Ronaldfurt,ET,retail,2026-02-26T09:54:43.071075
2e546de5-ff7d-43c9-abd4-b9c23571564f,Russell Bowman,charles91@example.net,Burnsburgh,LC,premium,2026-03-29T10:59:55.964425
e8028c37-ba1b-4263-a4fc-d06b864f8b3f,Tracie Lyons,christopher78@example.net,Gregoryborough,PE,retail,2026-03-21T03:42:38.694925
476d4fa7-f237-4f30-9ccf-ae01ca3387fa,Joshua Murillo,kathleenryan@example.net,Destinyburgh,KM,retail,2026-04-01T17:38:14.304418
88bdc00f-f73b-486f-8b4e-d272b7492fb6,Deborah Williams,talexander@example.org,Port Kiara,MU,business,2026-02-01T21:15:11.782631
2c6bebff-b58e-4288-9841-8b4839722882,Cassandra Ramos,kimberly10@example.org,Wellstown,ET,retail,2026-03-03T10:50:10.790685
cbdf2738-d896-47ae-84ae-e272ce9b1c63,Joshua Underwood,laurie41@example.org,Jenkinsburgh,PH,business,2026-03-31T11:27:37.005693
3646d85a-c85b-4f36-b7fc-6ac02622b7cf,Mark Dennis,danielchan@example.org,Hayesstad,MZ,premium,2026-03-25T07:07:58.595419
31757c05-a6a9-4250-9e9f-4a002715715c,Amber Wilson,edavidson@example.org,South Joseph,GR,retail,2026-03-06T18:18:41.552405
300bbce3-39bc-49ae-9056-b465b2dbd72e,Valerie Robinson,troywells@example.org,East Jonathan,AD,premium,2026-03-07T08:18:39.988024
ae3544ba-b2e1-47d7-811e-cdc3c48ca75b,Gary Andersen,gregorybuckley@example.net,Brownhaven,KI,premium,2026-01-18T06:59:47.032729
5de51317-bde7-44e0-b9bd-b22054b2a301,Eric Howell,wilsonchristopher@example.net,West Michael,CA,business,2026-01-12T02:53:15.649554
b5555468-de1a-4395-b53d-2e1fccfa59d3,Jodi Parker,wcooper@example.net,Grahamburgh,MD,premium,2026-03-19T12:03:12.019749
40fa6514-1b14-40bf-a387-cc98dc395996,Lisa Nelson,campbellashley@example.com,Burnettburgh,RW,retail,2026-01-28T00:02:21.028847
15690185-550e-4e45-86fc-2b91c740216e,Amanda Ward,geoffreydunn@example.com,Hernandezmouth,AU,retail,2026-02-15T17:16:49.200506
3b6e20fd-638c-4344-af5e-12b2cdb2d448,Logan Gamble,nunezandrew@example.net,Jasonfurt,FJ,retail,2026-01-09T03:06:44.336168
70f01c98-9468-4846-afc2-83f7e2b3f733,Andrew Hill,smithwilliam@example.com,East Michaelland,SY,premium,2026-01-26T14:10:34.588717
06964a0a-1844-49db-a44e-5d5701b4639d,Michael Reid,ryandavid@example.net,Lake Dana,FR,business,2026-03-30T06:13:01.949593
6e1d43ad-00b4-4d5e-8211-e18ada991189,Nathan Sexton,srivera@example.net,South Misty,MM,retail,2026-03-01T01:35:22.937504
ec2d066b-7abb-47c5-b095-a0f9900d212f,Michael Gregory,chanlaurie@example.net,New Kevinfort,BZ,business,2026-01-31T04:55:36.954218
9ad8a7d5-45e0-454b-86fd-b5c21dca3159,Lynn Perkins,jwallace@example.net,Lake Becky,GN,retail,2026-02-05T21:23:17.980820
caf72d2f-0166-4114-9672-68437d112126,Caroline Thompson,gwilliams@example.org,Port Angelahaven,GT,retail,2026-03-25T09:08:28.668821
6e42b9d9-2825-4ca2-9fdc-ce609d2c4504,Robin Cantu,pamelawilliams@example.com,West Phillipfurt,NG,retail,2026-01-30T03:22:34.776619
4ad22ab1-658b-4a52-acfc-9c7bae61e301,Amy Mejia,lschneider@example.org,Lake David,NI,business,2026-01-03T01:13:57.566338
5fd1757f-7946-4f29-9f2b-a950f2db5d84,Jill Smith,bzuniga@example.com,North Kathleen,RO,premium,2026-02-14T11:24:45.867981
2ef86078-1f5e-4748-9f8b-66d09a8d5bfd,William Park,mannseth@example.net,Danielmouth,PY,premium,2026-02-03T05:20:37.678394
bf0b340f-c2f0-4c2c-9d81-886945d9e443,Karen Hoffman,racheljohnson@example.com,New Garymouth,MC,business,2026-04-09T14:58:01.606090
5912aaba-bd52-433f-851e-f15e6ae11137,Johnny Garcia,scott86@example.org,Josephfurt,MD,business,2026-02-07T00:07:14.651480
f2146b7b-84ae-40f6-96d8-fc7a2f847677,Mr. Kyle Strickland,chadhogan@example.net,Rogersside,MY,premium,2026-03-13T02:07:44.781856
683b3ceb-f339-4a12-a00e-92fd202344bd,Billy Casey,kelleysharon@example.com,Olsonburgh,CH,business,2026-02-01T15:48:08.074252
61a2b3fa-236e-435f-b4a3-7989fef658d5,Crystal Knight,jacob32@example.com,Lisaland,DZ,premium,2026-04-09T11:56:28.455089
ed65119e-8f79-4fcb-8fd2-9d7cd00938c7,Jordan Harrison,tammy45@example.net,Sandrastad,PS,business,2026-03-01T13:33:03.157418
88eb13b2-6515-4d71-ab29-b866028e80a1,Brenda Alexander,loganshaffer@example.com,Port Cynthia,GH,retail,2026-01-07T06:12:35.824543
ac3f777d-9962-4676-a941-5ac8fd144f74,Jacob Thomas,shannon01@example.org,Mitchellberg,AZ,retail,2026-03-18T23:01:03.067978
5d38a482-f0b1-41a8-81bf-729f35466068,Maria Hernandez,juliajames@example.net,West Emilyburgh,NR,business,2026-04-06T18:02:55.349000
36a4aa1a-d66b-47b1-b742-b630563207b8,Danielle Baird,earcher@example.org,Bradleyberg,DM,business,2026-01-24T22:51:40.065958
1b2ac6e2-affa-40df-b51a-b002962809a0,Emily Barrett,daviskathryn@example.org,North Michael,ZM,business,2026-01-02T14:24:43.032646
d2650671-c8ff-460a-b825-e0542e6817aa,Sandra Drake,thomassims@example.org,Ayersview,SM,retail,2026-02-21T07:04:16.641814
31c58a25-1787-41fa-9577-8bccc2d19f28,Amy Simon,collinsnathan@example.com,Carriestad,GN,business,2026-03-17T03:35:52.181069
bdb18b6c-53e7-4924-9f85-2dada71b8110,Gabriel Ferguson,ricejasmine@example.com,Lambertborough,MZ,premium,2026-01-18T00:11:44.787286
05710db0-3842-4cb1-abe7-fe874ed9e4a3,Ashley Suarez,irodriguez@example.net,Goodborough,IL,premium,2026-03-15T11:24:31.662339
30d16b37-51dd-403f-8210-b936f5c9333c,Robert Cooper,john39@example.net,Lake Lynn,TW,business,2026-04-02T10:45:50.227026
d89c2621-188d-4df4-8e21-576c9324871d,Lance Duncan,david32@example.net,Port Jason,YE,retail,2026-04-12T20:19:19.585438
48c82cff-a8ac-42e0-95c6-9a893b9aeceb,Chad Phillips,alanmcintosh@example.org,Colleenside,DJ,retail,2026-02-26T05:37:04.582183
32583466-2aed-4bdb-8821-f8f1aa3e1a81,David Patterson,charlesdavis@example.net,North Nathan,FJ,retail,2026-03-27T10:33:52.472965
f32973b8-5bcb-40ea-85c2-999405ea4961,Bonnie Morrison,qsmith@example.net,Martinland,GQ,retail,2026-01-10T03:53:35.521217
77cd054d-ba80-4473-af8c-71df5e048b4f,Heather Collins,brian36@example.com,Nicholeton,IS,business,2026-01-31T19:04:18.855966
4edde543-eaaf-48fe-99f1-d35be78111b2,Nicholas Smith,juan85@example.net,Jamesport,HR,retail,2026-04-08T23:26:11.575064
63ece63d-e889-46ba-a4f8-19a7b5ce9751,Joseph Boyd,zgamble@example.com,Kennethton,UZ,premium,2026-02-23T01:14:27.558551
8fb8a48b-7778-4e51-b155-b12a14391dd4,Brenda Gonzalez,kreeves@example.net,Deborahtown,MV,business,2026-03-07T20:45:53.756763
7e554fa0-480d-4001-960b-3b5d4bb45805,Pamela Lane,riverajames@example.net,West Michelle,GH,premium,2026-03-27T05:16:01.169210
a354ab26-2dab-4b14-9cb6-347db2c1eb37,Jesse Stephenson,kelly47@example.net,Bryantland,CO,retail,2026-02-07T10:38:58.213706
1aa01e22-4899-43f6-8298-f10a920f81ef,Richard Gardner,calvin23@example.org,Mccarthystad,NA,business,2026-02-09T04:33:28.827682
56af32c6-4db2-4c0a-84c7-00cc3ce9b05c,Miss Deborah Hooper,pholmes@example.net,South Christopher,KW,premium,2026-01-12T16:13:31.223483
73bbc9a4-7650-4837-accd-fcd657903a78,Jason Molina,smithdale@example.org,Browntown,EE,retail,2026-01-30T20:36:15.993721
0f6c0a31-e659-4f4d-b219-f908d57aa4de,Nicholas Davis,wrightjoshua@example.org,Marietown,ST,premium,2026-01-09T00:14:18.539489
ffae5e19-5d40-423a-87d8-a61704816e14,Jasmine Foster,laurastevens@example.com,Port Donna,KR,business,2026-02-17T13:54:28.672209
d899eb57-2645-4d96-9155-2f4da3189f62,Stephanie Smith,huynhbrian@example.net,Lake Duaneberg,SZ,business,2026-02-23T19:38:52.044742
ac4f7a07-4529-4145-9532-b72db3d6ba70,Jon Garcia,hbryant@example.net,New Alvinville,PW,premium,2026-02-19T07:19:28.230273
dcd81242-0a81-4ad8-8ea2-0f4b08558436,Rebecca Hoffman,wadechris@example.net,Escobarfort,BY,retail,2026-03-31T09:25:38.552252
c2dbbbe6-5566-434a-afac-80a981c788fa,Karen Reeves,matthewrodriguez@example.com,West Carlyview,GE,business,2026-01-08T19:26:16.000616
33e0a995-5179-4856-888a-ad6b5f391196,Ashley Fuentes,flopez@example.com,New Danielle,DE,retail,2026-02-24T20:26:18.136469
2f883081-9846-4d4d-9b73-afaa2ae6bcd8,Tiffany Smith,blynch@example.com,Lopezland,TN,premium,2026-01-15T04:14:08.688726
3483bb81-addb-4c95-b129-76bbc3cf9f04,Eric Carter,scottryan@example.com,Frychester,HN,business,2026-04-12T15:32:41.144610
8ada4020-2f2e-44a9-9185-644c2f223a8a,Adrienne Snyder,allisonwilliams@example.org,North Randyville,CU,business,2026-04-15T16:01:21.080326
b652b8ee-917d-41cd-8e7b-4a164d19ecbd,William Gallegos,patricia63@example.org,East Michaelburgh,TL,premium,2026-02-01T07:18:18.297811
54a9e3e5-00b6-41f2-ae4b-a80ec252c8a3,Troy Martinez,tracigriffith@example.org,Port Scottside,NR,premium,2026-02-05T06:04:10.992936
58da0de0-9c4e-4fef-90e8-62606ce827f3,Brenda Andrews,laurenarnold@example.org,North Joseph,NI,premium,2026-04-10T17:35:21.873250
c6142080-c430-4ac3-a0e7-6439f6a808d9,Julie Brown,ashley70@example.net,Mannington,PS,premium,2026-02-27T19:23:53.254830
75efc9f1-c8bc-48c0-833a-50a74508351d,Nicole Campbell,veronicacole@example.org,Washingtonchester,LI,retail,2026-04-06T19:01:15.879248
abea165e-597e-49be-9689-14f7280b4720,Michael Yates,mbyrd@example.net,Michaelstad,LY,business,2026-01-09T09:55:23.764855
4bea2f52-f447-4534-a3c7-954a386d676b,Sandra Edwards,bmora@example.net,Port Troymouth,ES,business,2026-02-11T16:20:23.320530
5145c5cf-b7fe-46fe-891c-a0e71a292a91,Timothy Martin,stephanie11@example.org,Port Andrew,CA,business,2026-04-08T03:52:11.820872
76b025d9-b035-4075-926a-0c43c3ae5722,Tammy Smith,richardsmith@example.net,Solisview,GE,business,2026-03-05T07:56:42.408091
1261d597-ff91-402c-8fd3-512f343895da,Peter Anderson,alyssa80@example.org,Ballardport,HU,retail,2026-02-15T08:19:45.186059
e9b323b7-f127-4475-bafd-010dfa82bd55,Ethan Rodriguez,bwilson@example.org,Summersbury,SM,business,2026-03-04T09:34:09.807948
09f8c153-8231-4c38-96f0-f9a9ea93b40f,Patricia Williams,rsloan@example.net,North John,NL,premium,2026-01-21T11:29:51.468318
10f5b930-b399-4e99-ba61-55a00df0f94f,Ronald Lopez,whoward@example.org,Tammiestad,NP,business,2026-02-25T15:31:52.651259
a4188f42-293d-4a9f-9961-41630a724a6f,John Jenkins,eterry@example.org,Jessicaton,NE,business,2026-01-11T06:07:29.518862
c33d23c3-4343-4922-a574-57b27d254909,Kelly Clay MD,corysutton@example.org,Gregoryport,SY,business,2026-03-21T17:44:51.819983
5fc6757f-5ec2-49e8-9a8c-8e95f891c575,Michael Vang,thomas86@example.net,Davidfurt,TZ,premium,2026-01-01T02:46:29.753081
333be33f-11af-468e-bf83-ae66f94dc18c,Elizabeth Franco DVM,hdavidson@example.org,Masonchester,MG,retail,2026-01-23T18:05:13.992075
a29023a9-668e-4cde-97a1-38a00f26d549,Kayla Dennis,shelleyreed@example.org,New Richard,VU,business,2026-03-17T17:34:42.902243
a2ce4fc0-4fc1-4013-92bf-20ef5bfd08f1,Colleen Barnes,sarah11@example.org,Feliciafort,NZ,retail,2026-02-04T23:22:52.680389
07b90ad6-db79-4eb2-93fd-2883628fa695,Sarah Robinson,itaylor@example.net,Kramerfurt,GD,retail,2026-03-23T05:51:36.458643
632e0cf0-8dfe-467f-bf87-475c4020528b,Tina Peck,jdonovan@example.com,Martinezstad,CL,retail,2026-03-06T21:51:27.671166
4ce2a562-7759-4f71-a1e7-477254bf8360,Michael Herring,fryemichael@example.com,Katherineland,TV,retail,2026-01-26T00:28:26.045691
896b14a3-aebd-4f1a-bc70-80fb5473db12,Jacqueline Sanchez,hjones@example.net,New Martha,SR,premium,2026-01-10T11:42:50.158823
7b7c5699-994a-45f4-88ae-90be6d0f87e7,Brandon Rollins,hernandezsamantha@example.org,Davismouth,TR,retail,2026-01-31T01:24:54.690563
6941f74d-40c1-4bf1-9853-32e1605901d2,Barbara Delacruz,tylerayala@example.net,Delacruzbury,TM,business,2026-04-06T04:38:41.341069
0d82d739-0835-415e-a7d8-e418bc2d9e41,Thomas Church,phunt@example.net,Fieldschester,TM,business,2026-04-05T15:23:56.460582
7850dd27-f88c-4599-8bbe-89b49b77bdff,Manuel Garza,christina17@example.org,East Toddtown,CZ,business,2026-01-15T01:17:04.748149
055c91bc-a673-4444-9bb0-95775dc50689,Margaret Rowe,parkerrachel@example.org,Luceroton,CO,business,2026-03-12T13:43:59.025074
9d490367-3f2c-4f00-a670-4d453128381f,Jonathan Tucker,lopezleslie@example.org,North Christopherbury,CH,business,2026-01-11T23:27:42.883615
b28aef43-7c88-4484-b911-74a584c69f50,Sandra Allen,jeff18@example.com,Lake Mariamouth,CG,retail,2026-03-13T00:32:44.288586
68e0d86b-4a8e-4a55-868a-70b80dec6eb6,Emily Briggs,ghoffman@example.org,West Johnfort,TJ,business,2026-02-03T11:08:24.195531
e0b97b39-fba1-4614-8bf9-9cab9f75ad7b,Brian Smith,taylornicholas@example.com,South Kellyview,UY,business,2026-01-19T00:30:40.834911
39515545-1551-4a81-9409-fcc91b596b41,Diana Craig,christina91@example.org,Lake Rebecca,PK,business,2026-02-26T08:40:07.573299
748de66b-8796-4d95-ba90-a375e469adf7,Louis Harris,kclark@example.net,Lake Bradley,SD,premium,2026-03-09T23:00:31.489379
8ec0f66e-49e5-4497-90a8-517dcebddff6,Joshua Miller,charles36@example.net,Port Georgebury,RU,retail,2026-02-26T16:15:07.726106
0e500add-70f8-411b-8fb3-b00eec49840c,Roy Martin,greennathan@example.org,Danabury,NL,retail,2026-01-28T01:19:18.316133
b99f125f-a181-4eaa-b732-e7c90b60c4a3,Robert Huerta,fewing@example.net,Perryview,GY,business,2026-03-22T07:26:19.275129
343e3d1f-83a4-4e77-a57a-627453a32829,Brian Keith,andersonmartha@example.com,Collinston,AL,premium,2026-03-01T14:07:01.734290
70fa0929-72bd-4328-b53e-6bdea07fe7f0,Tyler Pineda,sheppardkimberly@example.net,West Brandon,BG,premium,2026-01-08T20:12:03.631641
11b6def5-7f96-442f-85b3-ee2001399188,Katie Smith,davidsmith@example.net,East Mitchelltown,PL,retail,2026-02-15T07:15:38.084881
93e576ec-c8eb-4038-9296-9630dce01287,Hannah Garcia,xmurphy@example.org,South Melissa,US,business,2026-04-13T08:57:09.458681
14f6f0d0-040e-4641-bfad-143f76cfbc13,Michelle Chavez,stephenbarrera@example.net,West Jacquelineport,TW,business,2026-03-15T14:01:08.725117
639110e3-3465-4e3e-b5d7-84c8f63ac008,John Walters DDS,freemantamara@example.com,Fieldstown,TW,retail,2026-03-14T08:11:23.084630
191154a3-1bd3-4b1a-b2a1-baa818a117e7,Tommy Smith,eric97@example.org,Melissaburgh,VA,retail,2026-03-04T18:37:38.411344
64bbdb9b-ea71-4094-99df-aaf913521f4c,Glenn Ross,carpenterjustin@example.net,Wilsonland,BD,premium,2026-02-06T23:07:52.878524
461da1cd-2366-4077-8566-92a57341596b,Chad Rodriguez,keithhayes@example.com,Jerryland,SB,premium,2026-02-16T22:00:37.457102
73a3b297-3b7a-4f89-b03b-925e26cbb8f6,Deborah Owens,courtneycox@example.org,East Glennhaven,TL,premium,2026-03-28T17:01:30.456881
d9989ee0-2113-4820-884c-079f8f983166,Daniel Thornton,kellyramirez@example.org,East Renee,IR,business,2026-04-07T09:40:42.566206
